url_path,views_total,views_unique
/cubicleguy/py_esensorlib,17,9
/cubicleguy/py_esensorlib/blob/main/README.md,5,1
/cubicleguy/py_esensorlib/tree/main/.github/workflows,3,2
/cubicleguy/py_esensorlib/tree/main/src/esensorlib,3,2
/cubicleguy/py_esensorlib/tree/main,2,2
/cubicleguy/py_esensorlib/blame/main/README.md,1,1
/cubicleguy/py_esensorlib/blob/main/.github/workflows/github-repo-stats.yml,1,1
/cubicleguy/py_esensorlib/blob/main/LICENSE,1,1
/cubicleguy/py_esensorlib/blob/main/pyproject.toml,1,1
/cubicleguy/py_esensorlib/tree/main/.github,1,1
